{
  "info": {
    "name": "Product Management API",
    "_postman_id": "f13e0ab4-8b32-4dc4-9d90-fc84b68a4d61",
    "description": "Postman collection for CRUD + Import/Export Excel API of Product Management System",
    "schema": "https://schema.getpostman.com/json/collection/v2.1.0/collection.json"
  },
  "item": [
    {
      "name": "Get Products (Pagination + Sort + Search)",
      "request": {
        "method": "GET",
        "header": [],
        "url": {
          "raw": "http://localhost:3000/api/products?page=1&limit=5&sort=asc&search=",
          "protocol": "http",
          "host": ["localhost"],
          "port": "3000",
          "path": ["api", "products"],
          "query": [
            { "key": "page", "value": "1" },
            { "key": "limit", "value": "5" },
            { "key": "sort", "value": "asc" },
            { "key": "search", "value": "" }
          ]
        }
      },
      "response": []
    },
    {
      "name": "Add Product",
      "request": {
        "method": "POST",
        "header": [
          { "key": "Content-Type", "value": "application/json" }
        ],
        "body": {
          "mode": "raw",
          "raw": "{\n  \"name\": \"New Product\",\n  \"price\": 999\n}"
        },
        "url": {
          "raw": "http://localhost:3000/api/products",
          "protocol": "http",
          "host": ["localhost"],
          "port": "3000",
          "path": ["api", "products"]
        }
      },
      "response": []
    },
    {
      "name": "Update Product",
      "request": {
        "method": "PUT",
        "header": [
          { "key": "Content-Type", "value": "application/json" }
        ],
        "body": {
          "mode": "raw",
          "raw": "{\n  \"name\": \"Updated Product\",\n  \"price\": 1234\n}"
        },
        "url": {
          "raw": "http://localhost:3000/api/products/1",
          "protocol": "http",
          "host": ["localhost"],
          "port": "3000",
          "path": ["api", "products", "1"]
        }
      },
      "response": []
    },
    {
      "name": "Delete Product",
      "request": {
        "method": "DELETE",
        "header": [],
        "url": {
          "raw": "http://localhost:3000/api/products/1",
          "protocol": "http",
          "host": ["localhost"],
          "port": "3000",
          "path": ["api", "products", "1"]
        }
      },
      "response": []
    },
    {
      "name": "Import Excel Data",
      "request": {
        "method": "POST",
        "header": [
          { "key": "Content-Type", "value": "application/json" }
        ],
        "body": {
          "mode": "raw",
          "raw": "[\n  { \"Name\": \"Imported Product 1\", \"Price\": 150 },\n  { \"Name\": \"Imported Product 2\", \"Price\": 250 }\n]"
        },
        "url": {
          "raw": "http://localhost:3000/api/import",
          "protocol": "http",
          "host": ["localhost"],
          "port": "3000",
          "path": ["api", "import"]
        }
      },
      "response": []
    }
  ]
}
